descriptor,item
"Can I get the chilled caffeine drink, please?",Iced Coffee
I'd like the refreshing cold brew.,Iced Coffee
May I have that invigorating chilled beverage?,Iced Coffee
"Can I get the iced java, please?",Iced Coffee
I'll take the cool caffeinated option.,Iced Coffee
May I have the cold espresso drink?,Iced Coffee
"Can I get the frosty coffee, please?",Iced Coffee
I'd like the revitalizing iced java.,Iced Coffee
May I have that refreshing chilled cup?,Iced Coffee
"Can I get the cool coffee, please?",Iced Coffee
I'll take the invigorating cold brew.,Iced Coffee
May I have the iced caffeine drink?,Iced Coffee
Can I get the frosty cup of joe?,Iced Coffee
"I'd like the chilled espresso, please.",Iced Coffee
May I have that revitalizing iced beverage?,Iced Coffee
Can I get the cool cup of java?,Iced Coffee
I'll take the invigorating cold coffee.,Iced Coffee
May I have the refreshing chilled brew?,Iced Coffee
"Can I get the iced java, please?",Iced Coffee
I'd like the chilled caffeine option.,Iced Coffee
May I have that cool cup of joe?,Iced Coffee
"Can I get the frosty espresso, please?",Iced Coffee
I'll take the revitalizing iced drink.,Iced Coffee
"May I have the cold brew, please?",Iced Coffee
Can I get the chilled cup of java?,Iced Coffee
I'd like the invigorating cold caffeine.,Iced Coffee
May I have that refreshing iced option?,Iced Coffee
Can I get the cool cup of coffee?,Iced Coffee
"I'll take the frosty java, please.",Iced Coffee
May I have the revitalizing chilled drink?,Iced Coffee
"Can I get the iced espresso, please?",Iced Coffee
I'd like the cool caffeine option.,Iced Coffee
May I have that invigorating cold cup?,Iced Coffee
"Can I get the frosty coffee, please?",Iced Coffee
"I'll take the chilled java, please.",Iced Coffee
May I have that refreshing iced beverage?,Iced Coffee
Can I get the cool cup of joe?,Iced Coffee
I'd like the invigorating cold brew.,Iced Coffee
"May I have the iced caffeine, please?",Iced Coffee
"Can I get the frosty espresso, please?",Iced Coffee
I'll take the chilled cup of java.,Iced Coffee
May I have that revitalizing iced coffee?,Iced Coffee
"Can I get the cool caffeine, please?",Iced Coffee
I'd like the refreshing cold brew.,Iced Coffee
May I have that invigorating chilled drink?,Iced Coffee
"Can I get the iced java, please?",Iced Coffee
I'll take the frosty cup of joe.,Iced Coffee
"May I have the chilled espresso, please?",Iced Coffee
Can I get that revitalizing iced beverage?,Iced Coffee
I'd like the cool cup of java.,Iced Coffee
May I have the invigorating cold coffee?,Iced Coffee
"Can I get the iced caffeine, please?",Iced Coffee
I'll take the frosty cup of joe.,Iced Coffee
"May I have the chilled espresso, please?",Iced Coffee
Can I get that refreshing iced drink?,Iced Coffee
I'd like the cool cup of java.,Iced Coffee
May I have the invigorating cold brew?,Iced Coffee
"Can I get the iced coffee, please?",Iced Coffee
I'll take the frosty caffeine option.,Iced Coffee
May I have the chilled cup of joe?,Iced Coffee
Can I get that revitalizing iced beverage?,Iced Coffee
I'd like the cool cup of java.,Iced Coffee
May I have the invigorating cold espresso?,Iced Coffee
"Can I get the iced caffeine, please?",Iced Coffee
I'll take the frosty cup of joe.,Iced Coffee
"May I have the chilled espresso, please?",Iced Coffee
Can I get that refreshing iced drink?,Iced Coffee
I'd like the cool cup of java.,Iced Coffee
May I have the invigorating cold coffee?,Iced Coffee
"Can I get the iced caffeine, please?",Iced Coffee
I'll take the frosty cup of joe.,Iced Coffee
"May I have the chilled espresso, please?",Iced Coffee
Can I get that revitalizing iced beverage?,Iced Coffee
I'd like the cool cup of java.,Iced Coffee
May I have the invigorating cold brew?,Iced Coffee
"Can I get the iced coffee, please?",Iced Coffee
I'll take the frosty caffeine option.,Iced Coffee
May I have the chilled cup of joe?,Iced Coffee
Can I get that refreshing iced drink?,Iced Coffee
I'd like the cool cup of java.,Iced Coffee
May I have the invigorating cold espresso?,Iced Coffee
"Can I get the iced caffeine, please?",Iced Coffee
I'll take the frosty cup of joe.,Iced Coffee
"May I have the chilled espresso, please?",Iced Coffee
Can I get that revitalizing iced beverage?,Iced Coffee
I'd like the cool cup of java.,Iced Coffee
May I have the invigorating cold coffee?,Iced Coffee
"Can I get the iced caffeine, please?",Iced Coffee
I'll take the frosty cup of joe.,Iced Coffee
"May I have the chilled espresso, please?",Iced Coffee
Can I get that refreshing iced drink?,Iced Coffee
I'd like the cool cup of java.,Iced Coffee
May I have the invigorating cold brew?,Iced Coffee
"Can I get the iced coffee, please?",Iced Coffee
I'll take the frosty caffeine option.,Iced Coffee
May I have the chilled cup of joe?,Iced Coffee
Can I get that revitalizing iced beverage?,Iced Coffee
I'd like the cool cup of java.,Iced Coffee
May I have the invigorating cold espresso?,Iced Coffee
"Can I get the iced caffeine, please?",Iced Coffee
"Can I get the classic beef burger, please?",Quarter Pounder
I'd like the signature meat sandwich.,Quarter Pounder
May I have that iconic meaty meal?,Quarter Pounder
Can I get the hearty meat combo?,Quarter Pounder
I'll take that well-known meaty option.,Quarter Pounder
May I have the famous treat?,Quarter Pounder
Can I get the special beef delight?,Quarter Pounder
I'd like that popular meaty choice.,Quarter Pounder
"May I have the traditional beef burger, please?",Quarter Pounder
Can I get the beef combo?,Quarter Pounder
I'll take that memorable meaty sandwich.,Quarter Pounder
May I have the fulfilling option?,Quarter Pounder
Can I get the beef delight?,Quarter Pounder
I'd like the treat.,Quarter Pounder
May I have the meaty combo?,Quarter Pounder
Can I get that delightful meat sandwich?,Quarter Pounder
I'll take the famous choice.,Quarter Pounder
May I have the hearty meat meal?,Quarter Pounder
Can I get the fulfilling beef option?,Quarter Pounder
I'd like the satisfying treat.,Quarter Pounder
May I have the meaty combo?,Quarter Pounder
Can I get that mouthwatering meat delight?,Quarter Pounder
I'll take the substantial sandwich.,Quarter Pounder
May I have the hearty and flavorful choice?,Quarter Pounder
Can I get that mouthwatering meat option?,Quarter Pounder
I'd like the substantial combo.,Quarter Pounder
May I have the beef sandwich?,Quarter Pounder
Can I get that delightful meaty treat?,Quarter Pounder
I'll take the famous option.,Quarter Pounder
May I have the meat meal?,Quarter Pounder
Can I get the combo?,Quarter Pounder
I'd like the satisfying sandwich.,Quarter Pounder
May I have the choice?,Quarter Pounder
Can I get the hearty and delicious delight?,Quarter Pounder
I'll take the famous meal.,Quarter Pounder
May I have the beef combo?,Quarter Pounder
Can I get the mouthwatering option?,Quarter Pounder
I'd like the satisfying delight.,Quarter Pounder
May I have the substantial sandwich?,Quarter Pounder
Can I get the hearty option?,Quarter Pounder
I'll take the substantial treat.,Quarter Pounder
May I have the satisfying sandwich?,Quarter Pounder
Can I get that delightful meat treat?,Quarter Pounder
I'd like the iconic choice.,Quarter Pounder
May I have the satisfying combo?,Quarter Pounder
Can I get the savory delight?,Quarter Pounder
I'll take the famous meal.,Quarter Pounder
May I have the savory option?,Quarter Pounder
Can I get the delightful treat?,Quarter Pounder
I'd like the satisfying combo.,Quarter Pounder
May I have the savory delight?,Quarter Pounder
Can I get the beefy option?,Quarter Pounder
I'll take the famous choice.,Quarter Pounder
May I have the flavorful sandwich?,Quarter Pounder
Can I get the substantial meal?,Quarter Pounder
I'd like the savory treat.,Quarter Pounder
May I have the savory delight?,Quarter Pounder
Can I get the satisfying combo?,Quarter Pounder
I'll take the famous sandwich.,Quarter Pounder
May I have the satisfying option?,Quarter Pounder
Can I get the substantial treat?,Quarter Pounder
I'd like the satisfying delight.,Quarter Pounder
May I have the famous combo?,Quarter Pounder
Can I get the satisfying beef option?,Quarter Pounder
I'll take the savory sandwich.,Quarter Pounder
May I have the famous meal?,Quarter Pounder
Can I get the savory delight?,Quarter Pounder
I'd like the savory option.,Quarter Pounder
May I have the savory treat?,Quarter Pounder
Can I get the flavorful delight?,Quarter Pounder
I'll take the famous sandwich.,Quarter Pounder
May I have the satisfying combo?,Quarter Pounder
Can I get the savory treat?,Quarter Pounder
I'd like the beefy delight.,Quarter Pounder
May I have the famous meal?,Quarter Pounder
Can I get the substantial sandwich?,Quarter Pounder
I'll take the satisfying option.,Quarter Pounder
May I have the savory combo?,Quarter Pounder
Can I get the savory delight?,Quarter Pounder
I'd like the iconic sandwich.,Quarter Pounder
May I have the satisfying choice?,Quarter Pounder
Can I get the savory treat?,Quarter Pounder
I'll take the famous delight.,Quarter Pounder
May I have the satisfying sandwich?,Quarter Pounder
Can I get the substantial meal?,Quarter Pounder
I'd like the savory combo.,Quarter Pounder
May I have the satisfying delight?,Quarter Pounder
Can I get the beefy option?,Quarter Pounder
I'll take the famous choice.,Quarter Pounder
May I have the substantial sandwich?,Quarter Pounder
Can I get the satisfying meal?,Quarter Pounder
I'd like the savory delight.,Quarter Pounder
May I have the savory option?,Quarter Pounder
Can I get the flavorful delight?,Quarter Pounder
I'll take the famous sandwich.,Quarter Pounder
May I have the satisfying combo?,Quarter Pounder
Can I get the savory delight?,Quarter Pounder
I'd like the beefy treat.,Quarter Pounder
May I have the famous meal?,Quarter Pounder
Can I get the satisfying sandwich?,Quarter Pounder
"Can I get the bite-sized crispy treats, please?",Chicken McNuggets
I'd like the golden snack pieces.,Chicken McNuggets
"May I have those delicious, breaded bites?",Chicken McNuggets
"Can I get the tender fried morsels, please?",Chicken McNuggets
I'll take the crispy dunkable goodies.,Chicken McNuggets
"May I have those popular, bite-sized munchies?",Chicken McNuggets
Can I get the savory breaded delicacies?,Chicken McNuggets
"I'd like the golden, bite-sized delights.",Chicken McNuggets
"May I have those crispy, flavorful bites?",Chicken McNuggets
Can I get the breaded snack items?,Chicken McNuggets
"I'll take those delicious, crispy nibbles.",Chicken McNuggets
"May I have the golden, tender nibbles?",Chicken McNuggets
"Can I get the crunchy, bite-sized snacks?",Chicken McNuggets
"I'd like the breaded, bite-sized pieces.",Chicken McNuggets
"May I have those popular, crispy pieces?",Chicken McNuggets
"Can I get the tender, flavorful treats?",Chicken McNuggets
"I'll take the crispy, dunkable delights.",Chicken McNuggets
"May I have the savory, bite-sized pieces?",Chicken McNuggets
"Can I get the golden, breaded goodies?",Chicken McNuggets
"I'd like the delicious, crispy pieces.",Chicken McNuggets
"May I have the bite-sized, tender morsels?",Chicken McNuggets
"Can I get the breaded, savory bites?",Chicken McNuggets
"I'll take those popular, crispy goodies.",Chicken McNuggets
"May I have the tender, bite-sized snacks?",Chicken McNuggets
"Can I get the golden, flavorful pieces?",Chicken McNuggets
"I'd like the crispy, breaded nibbles.",Chicken McNuggets
"May I have those delicious, bite-sized pieces?",Chicken McNuggets
"Can I get the crunchy, dunkable treats?",Chicken McNuggets
"I'll take the breaded, crispy morsels.",Chicken McNuggets
"May I have those popular, tender bites?",Chicken McNuggets
"Can I get the savory, golden snacks?",Chicken McNuggets
"I'd like the bite-sized, delicious pieces.",Chicken McNuggets
"May I have the crispy, tender delights?",Chicken McNuggets
"Can I get the breaded, bite-sized nibbles?",Chicken McNuggets
"I'll take those popular, crispy munchies.",Chicken McNuggets
"May I have the flavorful, golden items?",Chicken McNuggets
"Can I get the tender, breaded treats?",Chicken McNuggets
"I'd like the savory, bite-sized goodies.",Chicken McNuggets
"May I have the crispy, popular pieces?",Chicken McNuggets
"Can I get the golden, tender options?",Chicken McNuggets
"I'll take the bite-sized, delicious nibbles.",Chicken McNuggets
"May I have the breaded, crispy morsels?",Chicken McNuggets
"Can I get those popular, savory snacks?",Chicken McNuggets
"I'd like the tender, golden pieces.",Chicken McNuggets
"May I have the bite-sized, breaded delights?",Chicken McNuggets
"Can I get the crispy, flavorful treats?",Chicken McNuggets
"I'll take those popular, dunkable goodies.",Chicken McNuggets
"May I have the savory, bite-sized pieces?",Chicken McNuggets
"Can I get the golden, crispy snacks?",Chicken McNuggets
"I'd like the tender, breaded morsels.",Chicken McNuggets
"May I have those delicious, bite-sized pieces?",Chicken McNuggets
"Can I get the crispy, tender nibbles?",Chicken McNuggets
"I'll take the breaded, popular items.",Chicken McNuggets
"May I have the flavorful, golden bites?",Chicken McNuggets
"Can I get the bite-sized, dunkable delights?",Chicken McNuggets
"I'd like those crispy, savory pieces.",Chicken McNuggets
"May I have the tender, popular snacks?",Chicken McNuggets
"Can I get the breaded, bite-sized goodies?",Chicken McNuggets
"I'll take the delicious, crispy items.",Chicken McNuggets
"May I have the golden, tender treats?",Chicken McNuggets
"Can I get those popular, bite-sized pieces?",Chicken McNuggets
"I'd like the crispy, breaded morsels.",Chicken McNuggets
"May I have the savory, golden nibbles?",Chicken McNuggets
"Can I get the tender, delicious snacks?",Chicken McNuggets
"I'll take the bite-sized, flavorful pieces.",Chicken McNuggets
"May I have those crispy, popular goodies?",Chicken McNuggets
"Can I get the golden, dunkable options?",Chicken McNuggets
"I'd like the tender, bite-sized delights.",Chicken McNuggets
"May I have the breaded, savory items?",Chicken McNuggets
"Can I get the crispy, delicious snacks?",Chicken McNuggets
"I'll take the popular, golden bites.",Chicken McNuggets
"May I have the bite-sized, tender treats?",Chicken McNuggets
"Can I get those flavorful, crispy options?",Chicken McNuggets
"I'd like the breaded, bite-sized pieces.",Chicken McNuggets
"May I have the tender, popular nibbles?",Chicken McNuggets
"Can I get the golden, savory snacks?",Chicken McNuggets
"I'll take the bite-sized, dunkable items.",Chicken McNuggets
"May I have those crispy, flavorful morsels?",Chicken McNuggets
"Can I get the popular, tender bites?",Chicken McNuggets
"I'd like the breaded, golden goodies.",Chicken McNuggets
"May I have the tender, bite-sized nuggets?",Chicken McNuggets
"Can I get the savory, crispy pieces?",Chicken McNuggets
"I'll take those popular, delicious treats.",Chicken McNuggets
"May I have the tender, dunkable delights?",Chicken McNuggets
"Can I get the crispy, bite-sized snacks?",Chicken McNuggets
"I'd like the flavorful, golden nibbles.",Chicken McNuggets
"May I have the popular, breaded options?",Chicken McNuggets
"Can I get the bite-sized, savory bites?",Chicken McNuggets
"I'll take the tender, crispy pieces.",Chicken McNuggets
"May I have those delicious, golden snacks?",Chicken McNuggets
"Can I get the crispy, tender options?",Chicken McNuggets
"I'd like the popular, bite-sized morsels.",Chicken McNuggets
"May I have the savory, breaded delicacies?",Chicken McNuggets
"Can I get the dunkable, flavorful bites?",Chicken McNuggets
"I'll take the popular, crispy pieces.",Chicken McNuggets
"May I have the tender, bite-sized treats?",Chicken McNuggets
"Can I get those delicious, golden items?",Chicken McNuggets
"I'd like the crispy, savory nibbles.",Chicken McNuggets
"May I have the popular, dunkable goodies?",Chicken McNuggets
"Can I get the tender, flavorful pieces?",Chicken McNuggets